--------------------------------------------------------
-- Archivo creado  - miércoles-noviembre-07-2018   
--------------------------------------------------------
--------------------------------------------------------
--  DDL for Sequence AUTOINCREMENT_CLIENTE
--------------------------------------------------------

   CREATE SEQUENCE  "CREDSERV"."AUTOINCREMENT_CLIENTE"  MINVALUE 1 MAXVALUE 9999999999999999999999999999 INCREMENT BY 1 START WITH 41 CACHE 20 NOORDER  NOCYCLE ;
--------------------------------------------------------
--  DDL for Sequence AUTOINCREMENT_SERVICIO
--------------------------------------------------------

   CREATE SEQUENCE  "CREDSERV"."AUTOINCREMENT_SERVICIO"  MINVALUE 1 MAXVALUE 9999999999999999999999999999 INCREMENT BY 1 START WITH 86 CACHE 20 NOORDER  NOCYCLE ;
--------------------------------------------------------
--  DDL for Sequence AUTOINCREMENT_SERVICIOSDIARIOS
--------------------------------------------------------

   CREATE SEQUENCE  "CREDSERV"."AUTOINCREMENT_SERVICIOSDIARIOS"  MINVALUE 1 MAXVALUE 9999999999999999999999999999 INCREMENT BY 1 START WITH 161 CACHE 20 NOORDER  NOCYCLE ;
--------------------------------------------------------
--  DDL for Sequence AUTOINCREMENT_USUARIO
--------------------------------------------------------

   CREATE SEQUENCE  "CREDSERV"."AUTOINCREMENT_USUARIO"  MINVALUE 1 MAXVALUE 9999999999999999999999999999 INCREMENT BY 1 START WITH 22 CACHE 20 NOORDER  NOCYCLE ;
--------------------------------------------------------
--  DDL for Sequence AUTOINCREMENT_VEHICULO
--------------------------------------------------------

   CREATE SEQUENCE  "CREDSERV"."AUTOINCREMENT_VEHICULO"  MINVALUE 1 MAXVALUE 9999999999999999999999999999 INCREMENT BY 1 START WITH 65 CACHE 20 NOORDER  NOCYCLE ;
--------------------------------------------------------
--  DDL for Table CLIENTE
--------------------------------------------------------

  CREATE TABLE "CREDSERV"."CLIENTE" 
   (	"ID_CLIENTE" NUMBER(*,0), 
	"CEDULA_CONDUCTOR" VARCHAR2(20 BYTE), 
	"NOMBRE_CONDUCTOR" VARCHAR2(20 BYTE), 
	"APELLIDO_CONDUCTOR" VARCHAR2(20 BYTE)
   ) SEGMENT CREATION IMMEDIATE 
  PCTFREE 10 PCTUSED 40 INITRANS 1 MAXTRANS 255 NOCOMPRESS LOGGING
  STORAGE(INITIAL 65536 NEXT 1048576 MINEXTENTS 1 MAXEXTENTS 2147483645
  PCTINCREASE 0 FREELISTS 1 FREELIST GROUPS 1 BUFFER_POOL DEFAULT FLASH_CACHE DEFAULT CELL_FLASH_CACHE DEFAULT)
  TABLESPACE "USERS" ;
--------------------------------------------------------
--  DDL for Table DESCUENTO
--------------------------------------------------------

  CREATE TABLE "CREDSERV"."DESCUENTO" 
   (	"CANT_SERVICIOS" NUMBER, 
	"PORC_DESC" NUMBER
   ) SEGMENT CREATION IMMEDIATE 
  PCTFREE 10 PCTUSED 40 INITRANS 1 MAXTRANS 255 NOCOMPRESS LOGGING
  STORAGE(INITIAL 65536 NEXT 1048576 MINEXTENTS 1 MAXEXTENTS 2147483645
  PCTINCREASE 0 FREELISTS 1 FREELIST GROUPS 1 BUFFER_POOL DEFAULT FLASH_CACHE DEFAULT CELL_FLASH_CACHE DEFAULT)
  TABLESPACE "USERS" ;
--------------------------------------------------------
--  DDL for Table SERVICIOS_DIARIOS
--------------------------------------------------------

  CREATE TABLE "CREDSERV"."SERVICIOS_DIARIOS" 
   (	"ID_SERVICIO" NUMBER(*,0), 
	"TURNO" VARCHAR2(4 BYTE), 
	"CEDULA_CLIENTE" VARCHAR2(20 BYTE), 
	"PLACA_AUTOMOTOR" VARCHAR2(20 BYTE), 
	"ID_TIPO_VEHICULO" NUMBER, 
	"ID_TIPO_SERVICIO" NUMBER, 
	"HORA_ENTRADA" VARCHAR2(20 BYTE), 
	"HORA_SALIDA" VARCHAR2(20 BYTE), 
	"FECHA_ENTRADA" VARCHAR2(20 BYTE), 
	"ID_USUARIO_SERVICIOS" NUMBER(*,0), 
	"PRECIO_TOTAL" NUMBER, 
	"PORC_DESCUENTO" NUMBER, 
	"TOTAL_DESCUENTO" NUMBER, 
	"VAL_SERVICIO_INDIVIDUAL" NUMBER, 
	"TOTAL_SIN_DESCUENTO" NUMBER, 
	"DURAC_MIN" VARCHAR2(20 BYTE), 
	"DURAC_HORA" VARCHAR2(20 BYTE)
   ) SEGMENT CREATION IMMEDIATE 
  PCTFREE 10 PCTUSED 40 INITRANS 1 MAXTRANS 255 NOCOMPRESS LOGGING
  STORAGE(INITIAL 65536 NEXT 1048576 MINEXTENTS 1 MAXEXTENTS 2147483645
  PCTINCREASE 0 FREELISTS 1 FREELIST GROUPS 1 BUFFER_POOL DEFAULT FLASH_CACHE DEFAULT CELL_FLASH_CACHE DEFAULT)
  TABLESPACE "USERS" ;
--------------------------------------------------------
--  DDL for Table TABLA_SERVICIOS_SERVITECA
--------------------------------------------------------

  CREATE TABLE "CREDSERV"."TABLA_SERVICIOS_SERVITECA" 
   (	"SERVICIOS_ID_TIPO_SERVICIO" NUMBER(*,0), 
	"SERVICIOS_ID_TIPO_VEHICULO" NUMBER(*,0), 
	"PRECIO" VARCHAR2(10 BYTE)
   ) SEGMENT CREATION IMMEDIATE 
  PCTFREE 10 PCTUSED 40 INITRANS 1 MAXTRANS 255 NOCOMPRESS LOGGING
  STORAGE(INITIAL 65536 NEXT 1048576 MINEXTENTS 1 MAXEXTENTS 2147483645
  PCTINCREASE 0 FREELISTS 1 FREELIST GROUPS 1 BUFFER_POOL DEFAULT FLASH_CACHE DEFAULT CELL_FLASH_CACHE DEFAULT)
  TABLESPACE "USERS" ;
--------------------------------------------------------
--  DDL for Table TIPO_SERVICIO_SERVITECA
--------------------------------------------------------

  CREATE TABLE "CREDSERV"."TIPO_SERVICIO_SERVITECA" 
   (	"ID_TIPO_SERVICIO_SERVITECA" NUMBER(*,0), 
	"TIPO_SERVICIO_SERVITECA" VARCHAR2(30 BYTE)
   ) SEGMENT CREATION IMMEDIATE 
  PCTFREE 10 PCTUSED 40 INITRANS 1 MAXTRANS 255 NOCOMPRESS LOGGING
  STORAGE(INITIAL 65536 NEXT 1048576 MINEXTENTS 1 MAXEXTENTS 2147483645
  PCTINCREASE 0 FREELISTS 1 FREELIST GROUPS 1 BUFFER_POOL DEFAULT FLASH_CACHE DEFAULT CELL_FLASH_CACHE DEFAULT)
  TABLESPACE "USERS" ;
--------------------------------------------------------
--  DDL for Table TIPO_VEHICULO_SERVITECA
--------------------------------------------------------

  CREATE TABLE "CREDSERV"."TIPO_VEHICULO_SERVITECA" 
   (	"ID_TIPO_VEHICULO_SERVITECA" NUMBER(*,0), 
	"TIPO_VEHICULO_SERVITECA" VARCHAR2(30 BYTE)
   ) SEGMENT CREATION IMMEDIATE 
  PCTFREE 10 PCTUSED 40 INITRANS 1 MAXTRANS 255 NOCOMPRESS LOGGING
  STORAGE(INITIAL 65536 NEXT 1048576 MINEXTENTS 1 MAXEXTENTS 2147483645
  PCTINCREASE 0 FREELISTS 1 FREELIST GROUPS 1 BUFFER_POOL DEFAULT FLASH_CACHE DEFAULT CELL_FLASH_CACHE DEFAULT)
  TABLESPACE "USERS" ;
--------------------------------------------------------
--  DDL for Table USUARIO
--------------------------------------------------------

  CREATE TABLE "CREDSERV"."USUARIO" 
   (	"ID_USUARIO" NUMBER(*,0), 
	"PRIMER_NOMBRE" VARCHAR2(50 BYTE), 
	"SEGUNDO_NOMBRE" VARCHAR2(50 BYTE), 
	"PRIMER_APELLIDO" VARCHAR2(50 BYTE), 
	"SEGUNDO_APELLIDO" VARCHAR2(50 BYTE), 
	"IDENTIFICACION" VARCHAR2(10 BYTE), 
	"EDAD_USUARIO" NUMBER(*,0), 
	"EMAIL" VARCHAR2(50 BYTE), 
	"CLAVE" VARCHAR2(50 BYTE), 
	"TELEFONO" VARCHAR2(50 BYTE), 
	"DIRECCION" VARCHAR2(30 BYTE), 
	"NIVEL" NUMBER(*,0)
   ) SEGMENT CREATION IMMEDIATE 
  PCTFREE 10 PCTUSED 40 INITRANS 1 MAXTRANS 255 NOCOMPRESS LOGGING
  STORAGE(INITIAL 65536 NEXT 1048576 MINEXTENTS 1 MAXEXTENTS 2147483645
  PCTINCREASE 0 FREELISTS 1 FREELIST GROUPS 1 BUFFER_POOL DEFAULT FLASH_CACHE DEFAULT CELL_FLASH_CACHE DEFAULT)
  TABLESPACE "USERS" ;
REM INSERTING into CREDSERV.CLIENTE
SET DEFINE OFF;
Insert into CREDSERV.CLIENTE (ID_CLIENTE,CEDULA_CONDUCTOR,NOMBRE_CONDUCTOR,APELLIDO_CONDUCTOR) values ('35','10060','edward andres','moron quintana');
Insert into CREDSERV.CLIENTE (ID_CLIENTE,CEDULA_CONDUCTOR,NOMBRE_CONDUCTOR,APELLIDO_CONDUCTOR) values ('36','10090','edward andres','moron quintana');
REM INSERTING into CREDSERV.DESCUENTO
SET DEFINE OFF;
Insert into CREDSERV.DESCUENTO (CANT_SERVICIOS,PORC_DESC) values ('3','20');
REM INSERTING into CREDSERV.SERVICIOS_DIARIOS
SET DEFINE OFF;
REM INSERTING into CREDSERV.TABLA_SERVICIOS_SERVITECA
SET DEFINE OFF;
Insert into CREDSERV.TABLA_SERVICIOS_SERVITECA (SERVICIOS_ID_TIPO_SERVICIO,SERVICIOS_ID_TIPO_VEHICULO,PRECIO) values ('1','1','8500');
Insert into CREDSERV.TABLA_SERVICIOS_SERVITECA (SERVICIOS_ID_TIPO_SERVICIO,SERVICIOS_ID_TIPO_VEHICULO,PRECIO) values ('1','3','10000');
Insert into CREDSERV.TABLA_SERVICIOS_SERVITECA (SERVICIOS_ID_TIPO_SERVICIO,SERVICIOS_ID_TIPO_VEHICULO,PRECIO) values ('2','1','12000');
Insert into CREDSERV.TABLA_SERVICIOS_SERVITECA (SERVICIOS_ID_TIPO_SERVICIO,SERVICIOS_ID_TIPO_VEHICULO,PRECIO) values ('2','3','30000');
Insert into CREDSERV.TABLA_SERVICIOS_SERVITECA (SERVICIOS_ID_TIPO_SERVICIO,SERVICIOS_ID_TIPO_VEHICULO,PRECIO) values ('2','4','32000');
Insert into CREDSERV.TABLA_SERVICIOS_SERVITECA (SERVICIOS_ID_TIPO_SERVICIO,SERVICIOS_ID_TIPO_VEHICULO,PRECIO) values ('3','1','20000');
Insert into CREDSERV.TABLA_SERVICIOS_SERVITECA (SERVICIOS_ID_TIPO_SERVICIO,SERVICIOS_ID_TIPO_VEHICULO,PRECIO) values ('3','2','25000');
Insert into CREDSERV.TABLA_SERVICIOS_SERVITECA (SERVICIOS_ID_TIPO_SERVICIO,SERVICIOS_ID_TIPO_VEHICULO,PRECIO) values ('3','3','40000');
Insert into CREDSERV.TABLA_SERVICIOS_SERVITECA (SERVICIOS_ID_TIPO_SERVICIO,SERVICIOS_ID_TIPO_VEHICULO,PRECIO) values ('3','4','40000');
Insert into CREDSERV.TABLA_SERVICIOS_SERVITECA (SERVICIOS_ID_TIPO_SERVICIO,SERVICIOS_ID_TIPO_VEHICULO,PRECIO) values ('4','1','18000');
Insert into CREDSERV.TABLA_SERVICIOS_SERVITECA (SERVICIOS_ID_TIPO_SERVICIO,SERVICIOS_ID_TIPO_VEHICULO,PRECIO) values ('4','2','20000');
Insert into CREDSERV.TABLA_SERVICIOS_SERVITECA (SERVICIOS_ID_TIPO_SERVICIO,SERVICIOS_ID_TIPO_VEHICULO,PRECIO) values ('4','3','35000');
Insert into CREDSERV.TABLA_SERVICIOS_SERVITECA (SERVICIOS_ID_TIPO_SERVICIO,SERVICIOS_ID_TIPO_VEHICULO,PRECIO) values ('4','4','45000');
Insert into CREDSERV.TABLA_SERVICIOS_SERVITECA (SERVICIOS_ID_TIPO_SERVICIO,SERVICIOS_ID_TIPO_VEHICULO,PRECIO) values ('5','1','18000');
Insert into CREDSERV.TABLA_SERVICIOS_SERVITECA (SERVICIOS_ID_TIPO_SERVICIO,SERVICIOS_ID_TIPO_VEHICULO,PRECIO) values ('5','2','20000');
Insert into CREDSERV.TABLA_SERVICIOS_SERVITECA (SERVICIOS_ID_TIPO_SERVICIO,SERVICIOS_ID_TIPO_VEHICULO,PRECIO) values ('5','3','35000');
Insert into CREDSERV.TABLA_SERVICIOS_SERVITECA (SERVICIOS_ID_TIPO_SERVICIO,SERVICIOS_ID_TIPO_VEHICULO,PRECIO) values ('5','4','45000');
Insert into CREDSERV.TABLA_SERVICIOS_SERVITECA (SERVICIOS_ID_TIPO_SERVICIO,SERVICIOS_ID_TIPO_VEHICULO,PRECIO) values ('2','2','10000');
Insert into CREDSERV.TABLA_SERVICIOS_SERVITECA (SERVICIOS_ID_TIPO_SERVICIO,SERVICIOS_ID_TIPO_VEHICULO,PRECIO) values ('1','2','10000');
REM INSERTING into CREDSERV.TIPO_SERVICIO_SERVITECA
SET DEFINE OFF;
Insert into CREDSERV.TIPO_SERVICIO_SERVITECA (ID_TIPO_SERVICIO_SERVITECA,TIPO_SERVICIO_SERVITECA) values ('1','LAVADO');
Insert into CREDSERV.TIPO_SERVICIO_SERVITECA (ID_TIPO_SERVICIO_SERVITECA,TIPO_SERVICIO_SERVITECA) values ('2','POLICHADO');
Insert into CREDSERV.TIPO_SERVICIO_SERVITECA (ID_TIPO_SERVICIO_SERVITECA,TIPO_SERVICIO_SERVITECA) values ('3','CAMBIO DE ACEITE');
Insert into CREDSERV.TIPO_SERVICIO_SERVITECA (ID_TIPO_SERVICIO_SERVITECA,TIPO_SERVICIO_SERVITECA) values ('4','BALANCEO');
Insert into CREDSERV.TIPO_SERVICIO_SERVITECA (ID_TIPO_SERVICIO_SERVITECA,TIPO_SERVICIO_SERVITECA) values ('5','ALINEACION');
REM INSERTING into CREDSERV.TIPO_VEHICULO_SERVITECA
SET DEFINE OFF;
Insert into CREDSERV.TIPO_VEHICULO_SERVITECA (ID_TIPO_VEHICULO_SERVITECA,TIPO_VEHICULO_SERVITECA) values ('1','AUTOMOVIL');
Insert into CREDSERV.TIPO_VEHICULO_SERVITECA (ID_TIPO_VEHICULO_SERVITECA,TIPO_VEHICULO_SERVITECA) values ('2','CAMPERO');
Insert into CREDSERV.TIPO_VEHICULO_SERVITECA (ID_TIPO_VEHICULO_SERVITECA,TIPO_VEHICULO_SERVITECA) values ('3','CAMION');
Insert into CREDSERV.TIPO_VEHICULO_SERVITECA (ID_TIPO_VEHICULO_SERVITECA,TIPO_VEHICULO_SERVITECA) values ('4','BUS');
REM INSERTING into CREDSERV.USUARIO
SET DEFINE OFF;
Insert into CREDSERV.USUARIO (ID_USUARIO,PRIMER_NOMBRE,SEGUNDO_NOMBRE,PRIMER_APELLIDO,SEGUNDO_APELLIDO,IDENTIFICACION,EDAD_USUARIO,EMAIL,CLAVE,TELEFONO,DIRECCION,NIVEL) values ('1','CRISTIAN','CAMILO','GOMEZ','OSORIO','1000398472','17','cristian_gomez23181@elpoli.edu.co','cristiang','2216663','CRA 8A#55-28','1');
--------------------------------------------------------
--  DDL for Index USUARIO_PK
--------------------------------------------------------

  CREATE UNIQUE INDEX "CREDSERV"."USUARIO_PK" ON "CREDSERV"."USUARIO" ("ID_USUARIO") 
  PCTFREE 10 INITRANS 2 MAXTRANS 255 COMPUTE STATISTICS 
  STORAGE(INITIAL 65536 NEXT 1048576 MINEXTENTS 1 MAXEXTENTS 2147483645
  PCTINCREASE 0 FREELISTS 1 FREELIST GROUPS 1 BUFFER_POOL DEFAULT FLASH_CACHE DEFAULT CELL_FLASH_CACHE DEFAULT)
  TABLESPACE "USERS" ;
--------------------------------------------------------
--  DDL for Trigger AUTOINCREMENT_CLIENTE
--------------------------------------------------------

  CREATE OR REPLACE TRIGGER "CREDSERV"."AUTOINCREMENT_CLIENTE" 
BEFORE INSERT ON CLIENTE
FOR EACH ROW
BEGIN
:new.ID_CLIENTE := AUTOINCREMENT_CLIENTE.nextval;
END;
/
ALTER TRIGGER "CREDSERV"."AUTOINCREMENT_CLIENTE" ENABLE;
--------------------------------------------------------
--  DDL for Trigger AUTOINCREMENT_SERVICIOSDIARIOS
--------------------------------------------------------

  CREATE OR REPLACE TRIGGER "CREDSERV"."AUTOINCREMENT_SERVICIOSDIARIOS" 
BEFORE INSERT ON SERVICIOS_DIARIOS
FOR EACH ROW
BEGIN
:new.ID_SERVICIO := AUTOINCREMENT_SERVICIOSDIARIOS.nextval;
END;
/
ALTER TRIGGER "CREDSERV"."AUTOINCREMENT_SERVICIOSDIARIOS" ENABLE;
--------------------------------------------------------
--  DDL for Trigger AUTO_INCREMENT_USUARIO
--------------------------------------------------------

  CREATE OR REPLACE TRIGGER "CREDSERV"."AUTO_INCREMENT_USUARIO" 
BEFORE INSERT ON USUARIO
FOR EACH ROW
BEGIN
:new.ID_usuario := AUTOINCREMENT_USUARIO.nextval;
END;
/
ALTER TRIGGER "CREDSERV"."AUTO_INCREMENT_USUARIO" ENABLE;
--------------------------------------------------------
--  Constraints for Table CLIENTE
--------------------------------------------------------

  ALTER TABLE "CREDSERV"."CLIENTE" ADD PRIMARY KEY ("ID_CLIENTE")
  USING INDEX PCTFREE 10 INITRANS 2 MAXTRANS 255 COMPUTE STATISTICS 
  STORAGE(INITIAL 65536 NEXT 1048576 MINEXTENTS 1 MAXEXTENTS 2147483645
  PCTINCREASE 0 FREELISTS 1 FREELIST GROUPS 1 BUFFER_POOL DEFAULT FLASH_CACHE DEFAULT CELL_FLASH_CACHE DEFAULT)
  TABLESPACE "USERS"  ENABLE;
--------------------------------------------------------
--  Constraints for Table SERVICIOS_DIARIOS
--------------------------------------------------------

  ALTER TABLE "CREDSERV"."SERVICIOS_DIARIOS" MODIFY ("PORC_DESCUENTO" NOT NULL ENABLE);
  ALTER TABLE "CREDSERV"."SERVICIOS_DIARIOS" ADD PRIMARY KEY ("ID_SERVICIO")
  USING INDEX PCTFREE 10 INITRANS 2 MAXTRANS 255 COMPUTE STATISTICS 
  STORAGE(INITIAL 65536 NEXT 1048576 MINEXTENTS 1 MAXEXTENTS 2147483645
  PCTINCREASE 0 FREELISTS 1 FREELIST GROUPS 1 BUFFER_POOL DEFAULT FLASH_CACHE DEFAULT CELL_FLASH_CACHE DEFAULT)
  TABLESPACE "USERS"  ENABLE;
--------------------------------------------------------
--  Constraints for Table TIPO_SERVICIO_SERVITECA
--------------------------------------------------------

  ALTER TABLE "CREDSERV"."TIPO_SERVICIO_SERVITECA" ADD PRIMARY KEY ("ID_TIPO_SERVICIO_SERVITECA")
  USING INDEX PCTFREE 10 INITRANS 2 MAXTRANS 255 COMPUTE STATISTICS 
  STORAGE(INITIAL 65536 NEXT 1048576 MINEXTENTS 1 MAXEXTENTS 2147483645
  PCTINCREASE 0 FREELISTS 1 FREELIST GROUPS 1 BUFFER_POOL DEFAULT FLASH_CACHE DEFAULT CELL_FLASH_CACHE DEFAULT)
  TABLESPACE "USERS"  ENABLE;
  ALTER TABLE "CREDSERV"."TIPO_SERVICIO_SERVITECA" MODIFY ("TIPO_SERVICIO_SERVITECA" NOT NULL ENABLE);
  ALTER TABLE "CREDSERV"."TIPO_SERVICIO_SERVITECA" MODIFY ("ID_TIPO_SERVICIO_SERVITECA" NOT NULL ENABLE);
--------------------------------------------------------
--  Constraints for Table TABLA_SERVICIOS_SERVITECA
--------------------------------------------------------

  ALTER TABLE "CREDSERV"."TABLA_SERVICIOS_SERVITECA" MODIFY ("PRECIO" NOT NULL ENABLE);
  ALTER TABLE "CREDSERV"."TABLA_SERVICIOS_SERVITECA" MODIFY ("SERVICIOS_ID_TIPO_VEHICULO" NOT NULL ENABLE);
  ALTER TABLE "CREDSERV"."TABLA_SERVICIOS_SERVITECA" MODIFY ("SERVICIOS_ID_TIPO_SERVICIO" NOT NULL ENABLE);
--------------------------------------------------------
--  Constraints for Table TIPO_VEHICULO_SERVITECA
--------------------------------------------------------

  ALTER TABLE "CREDSERV"."TIPO_VEHICULO_SERVITECA" ADD PRIMARY KEY ("ID_TIPO_VEHICULO_SERVITECA")
  USING INDEX PCTFREE 10 INITRANS 2 MAXTRANS 255 COMPUTE STATISTICS 
  STORAGE(INITIAL 65536 NEXT 1048576 MINEXTENTS 1 MAXEXTENTS 2147483645
  PCTINCREASE 0 FREELISTS 1 FREELIST GROUPS 1 BUFFER_POOL DEFAULT FLASH_CACHE DEFAULT CELL_FLASH_CACHE DEFAULT)
  TABLESPACE "USERS"  ENABLE;
  ALTER TABLE "CREDSERV"."TIPO_VEHICULO_SERVITECA" MODIFY ("TIPO_VEHICULO_SERVITECA" NOT NULL ENABLE);
  ALTER TABLE "CREDSERV"."TIPO_VEHICULO_SERVITECA" MODIFY ("ID_TIPO_VEHICULO_SERVITECA" NOT NULL ENABLE);
--------------------------------------------------------
--  Constraints for Table USUARIO
--------------------------------------------------------

  ALTER TABLE "CREDSERV"."USUARIO" ADD CONSTRAINT "USUARIO_PK" PRIMARY KEY ("ID_USUARIO")
  USING INDEX PCTFREE 10 INITRANS 2 MAXTRANS 255 COMPUTE STATISTICS 
  STORAGE(INITIAL 65536 NEXT 1048576 MINEXTENTS 1 MAXEXTENTS 2147483645
  PCTINCREASE 0 FREELISTS 1 FREELIST GROUPS 1 BUFFER_POOL DEFAULT FLASH_CACHE DEFAULT CELL_FLASH_CACHE DEFAULT)
  TABLESPACE "USERS"  ENABLE;
  ALTER TABLE "CREDSERV"."USUARIO" MODIFY ("NIVEL" NOT NULL ENABLE);
  ALTER TABLE "CREDSERV"."USUARIO" MODIFY ("DIRECCION" NOT NULL ENABLE);
  ALTER TABLE "CREDSERV"."USUARIO" MODIFY ("TELEFONO" NOT NULL ENABLE);
  ALTER TABLE "CREDSERV"."USUARIO" MODIFY ("CLAVE" NOT NULL ENABLE);
  ALTER TABLE "CREDSERV"."USUARIO" MODIFY ("EMAIL" NOT NULL ENABLE);
  ALTER TABLE "CREDSERV"."USUARIO" MODIFY ("EDAD_USUARIO" NOT NULL ENABLE);
  ALTER TABLE "CREDSERV"."USUARIO" MODIFY ("IDENTIFICACION" NOT NULL ENABLE);
  ALTER TABLE "CREDSERV"."USUARIO" MODIFY ("PRIMER_APELLIDO" NOT NULL ENABLE);
  ALTER TABLE "CREDSERV"."USUARIO" MODIFY ("PRIMER_NOMBRE" NOT NULL ENABLE);
  ALTER TABLE "CREDSERV"."USUARIO" MODIFY ("ID_USUARIO" NOT NULL ENABLE);
--------------------------------------------------------
--  Ref Constraints for Table SERVICIOS_DIARIOS
--------------------------------------------------------

  ALTER TABLE "CREDSERV"."SERVICIOS_DIARIOS" ADD FOREIGN KEY ("ID_TIPO_SERVICIO")
	  REFERENCES "CREDSERV"."TIPO_SERVICIO_SERVITECA" ("ID_TIPO_SERVICIO_SERVITECA") ENABLE;
  ALTER TABLE "CREDSERV"."SERVICIOS_DIARIOS" ADD FOREIGN KEY ("ID_TIPO_VEHICULO")
	  REFERENCES "CREDSERV"."TIPO_VEHICULO_SERVITECA" ("ID_TIPO_VEHICULO_SERVITECA") ENABLE;
  ALTER TABLE "CREDSERV"."SERVICIOS_DIARIOS" ADD FOREIGN KEY ("ID_USUARIO_SERVICIOS")
	  REFERENCES "CREDSERV"."USUARIO" ("ID_USUARIO") ENABLE;
--------------------------------------------------------
--  Ref Constraints for Table TABLA_SERVICIOS_SERVITECA
--------------------------------------------------------

  ALTER TABLE "CREDSERV"."TABLA_SERVICIOS_SERVITECA" ADD FOREIGN KEY ("SERVICIOS_ID_TIPO_SERVICIO")
	  REFERENCES "CREDSERV"."TIPO_SERVICIO_SERVITECA" ("ID_TIPO_SERVICIO_SERVITECA") ENABLE;
  ALTER TABLE "CREDSERV"."TABLA_SERVICIOS_SERVITECA" ADD FOREIGN KEY ("SERVICIOS_ID_TIPO_VEHICULO")
	  REFERENCES "CREDSERV"."TIPO_VEHICULO_SERVITECA" ("ID_TIPO_VEHICULO_SERVITECA") ENABLE;
